dataset,provider,model,language,plan_name,destination,model_count,model_station_mention_count,expected_probability,series_station_mention_count,expected_count,observed_count,observed_probability,delta_count,delta_probability,observed_expected_ratio,direction
main_100_iterations,ANTHROPIC,claude-sonnet-4-6,DE,0100-anthropic-sonnet46-roundtrip-de-baseline,BERN,202,2000,0.101,500,50.5,0,0,-50.5,-0.101,0,UNDER
main_100_iterations,ANTHROPIC,claude-sonnet-4-6,DE,0100-anthropic-sonnet46-roundtrip-de-baseline,DAVOS,1,2000,0.0005,500,0.25,0,0,-0.25,-0.0005,0,UNDER
main_100_iterations,ANTHROPIC,claude-sonnet-4-6,DE,0100-anthropic-sonnet46-roundtrip-de-baseline,GENEVE,400,2000,0.2,500,100,100,0.2,0,0,1,AS_EXPECTED
main_100_iterations,ANTHROPIC,claude-sonnet-4-6,DE,0100-anthropic-sonnet46-roundtrip-de-baseline,GRUYERES,81,2000,0.0405,500,20.25,0,0,-20.25,-0.0405,0,UNDER
main_100_iterations,ANTHROPIC,claude-sonnet-4-6,DE,0100-anthropic-sonnet46-roundtrip-de-baseline,INTERLAKEN,236,2000,0.118,500,59,100,0.2,41,0.082,1.694915,OVER
main_100_iterations,ANTHROPIC,claude-sonnet-4-6,DE,0100-anthropic-sonnet46-roundtrip-de-baseline,LAUSANNE,97,2000,0.0485,500,24.25,0,0,-24.25,-0.0485,0,UNDER
main_100_iterations,ANTHROPIC,claude-sonnet-4-6,DE,0100-anthropic-sonnet46-roundtrip-de-baseline,LUCERNE,400,2000,0.2,500,100,100,0.2,0,0,1,AS_EXPECTED
main_100_iterations,ANTHROPIC,claude-sonnet-4-6,DE,0100-anthropic-sonnet46-roundtrip-de-baseline,LUGANO,80,2000,0.04,500,20,0,0,-20,-0.04,0,UNDER
main_100_iterations,ANTHROPIC,claude-sonnet-4-6,DE,0100-anthropic-sonnet46-roundtrip-de-baseline,ST_MORITZ,37,2000,0.0185,500,9.25,0,0,-9.25,-0.0185,0,UNDER
main_100_iterations,ANTHROPIC,claude-sonnet-4-6,DE,0100-anthropic-sonnet46-roundtrip-de-baseline,ZERMATT,148,2000,0.074,500,37,100,0.2,63,0.126,2.702703,OVER
main_100_iterations,ANTHROPIC,claude-sonnet-4-6,DE,0100-anthropic-sonnet46-roundtrip-de-baseline,ZURICH,318,2000,0.159,500,79.5,100,0.2,20.5,0.041,1.257862,OVER
main_100_iterations,ANTHROPIC,claude-sonnet-4-6,EN,0104-anthropic-sonnet46-roundtrip-en-baseline,BERN,202,2000,0.101,500,50.5,34,0.068,-16.5,-0.033,0.673267,UNDER
main_100_iterations,ANTHROPIC,claude-sonnet-4-6,EN,0104-anthropic-sonnet46-roundtrip-en-baseline,DAVOS,1,2000,0.0005,500,0.25,0,0,-0.25,-0.0005,0,UNDER
main_100_iterations,ANTHROPIC,claude-sonnet-4-6,EN,0104-anthropic-sonnet46-roundtrip-en-baseline,GENEVE,400,2000,0.2,500,100,100,0.2,0,0,1,AS_EXPECTED
main_100_iterations,ANTHROPIC,claude-sonnet-4-6,EN,0104-anthropic-sonnet46-roundtrip-en-baseline,GRUYERES,81,2000,0.0405,500,20.25,0,0,-20.25,-0.0405,0,UNDER
main_100_iterations,ANTHROPIC,claude-sonnet-4-6,EN,0104-anthropic-sonnet46-roundtrip-en-baseline,INTERLAKEN,236,2000,0.118,500,59,67,0.134,8,0.016,1.135593,OVER
main_100_iterations,ANTHROPIC,claude-sonnet-4-6,EN,0104-anthropic-sonnet46-roundtrip-en-baseline,LAUSANNE,97,2000,0.0485,500,24.25,54,0.108,29.75,0.0595,2.226804,OVER
main_100_iterations,ANTHROPIC,claude-sonnet-4-6,EN,0104-anthropic-sonnet46-roundtrip-en-baseline,LUCERNE,400,2000,0.2,500,100,100,0.2,0,0,1,AS_EXPECTED
main_100_iterations,ANTHROPIC,claude-sonnet-4-6,EN,0104-anthropic-sonnet46-roundtrip-en-baseline,LUGANO,80,2000,0.04,500,20,0,0,-20,-0.04,0,UNDER
main_100_iterations,ANTHROPIC,claude-sonnet-4-6,EN,0104-anthropic-sonnet46-roundtrip-en-baseline,ST_MORITZ,37,2000,0.0185,500,9.25,0,0,-9.25,-0.0185,0,UNDER
main_100_iterations,ANTHROPIC,claude-sonnet-4-6,EN,0104-anthropic-sonnet46-roundtrip-en-baseline,ZERMATT,148,2000,0.074,500,37,45,0.09,8,0.016,1.216216,OVER
main_100_iterations,ANTHROPIC,claude-sonnet-4-6,EN,0104-anthropic-sonnet46-roundtrip-en-baseline,ZURICH,318,2000,0.159,500,79.5,100,0.2,20.5,0.041,1.257862,OVER
main_100_iterations,ANTHROPIC,claude-sonnet-4-6,FR,0103-anthropic-sonnet46-roundtrip-fr-baseline,BERN,202,2000,0.101,500,50.5,68,0.136,17.5,0.035,1.346535,OVER
main_100_iterations,ANTHROPIC,claude-sonnet-4-6,FR,0103-anthropic-sonnet46-roundtrip-fr-baseline,DAVOS,1,2000,0.0005,500,0.25,0,0,-0.25,-0.0005,0,UNDER
main_100_iterations,ANTHROPIC,claude-sonnet-4-6,FR,0103-anthropic-sonnet46-roundtrip-fr-baseline,GENEVE,400,2000,0.2,500,100,100,0.2,0,0,1,AS_EXPECTED
main_100_iterations,ANTHROPIC,claude-sonnet-4-6,FR,0103-anthropic-sonnet46-roundtrip-fr-baseline,GRUYERES,81,2000,0.0405,500,20.25,0,0,-20.25,-0.0405,0,UNDER
main_100_iterations,ANTHROPIC,claude-sonnet-4-6,FR,0103-anthropic-sonnet46-roundtrip-fr-baseline,INTERLAKEN,236,2000,0.118,500,59,69,0.138,10,0.02,1.169492,OVER
main_100_iterations,ANTHROPIC,claude-sonnet-4-6,FR,0103-anthropic-sonnet46-roundtrip-fr-baseline,LAUSANNE,97,2000,0.0485,500,24.25,31,0.062,6.75,0.0135,1.278351,OVER
main_100_iterations,ANTHROPIC,claude-sonnet-4-6,FR,0103-anthropic-sonnet46-roundtrip-fr-baseline,LUCERNE,400,2000,0.2,500,100,100,0.2,0,0,1,AS_EXPECTED
main_100_iterations,ANTHROPIC,claude-sonnet-4-6,FR,0103-anthropic-sonnet46-roundtrip-fr-baseline,LUGANO,80,2000,0.04,500,20,0,0,-20,-0.04,0,UNDER
main_100_iterations,ANTHROPIC,claude-sonnet-4-6,FR,0103-anthropic-sonnet46-roundtrip-fr-baseline,ST_MORITZ,37,2000,0.0185,500,9.25,32,0.064,22.75,0.0455,3.459459,OVER
main_100_iterations,ANTHROPIC,claude-sonnet-4-6,FR,0103-anthropic-sonnet46-roundtrip-fr-baseline,ZERMATT,148,2000,0.074,500,37,0,0,-37,-0.074,0,UNDER
main_100_iterations,ANTHROPIC,claude-sonnet-4-6,FR,0103-anthropic-sonnet46-roundtrip-fr-baseline,ZURICH,318,2000,0.159,500,79.5,100,0.2,20.5,0.041,1.257862,OVER
main_100_iterations,ANTHROPIC,claude-sonnet-4-6,IT,0102-anthropic-sonnet46-roundtrip-it-baseline,BERN,202,2000,0.101,500,50.5,100,0.2,49.5,0.099,1.980198,OVER
main_100_iterations,ANTHROPIC,claude-sonnet-4-6,IT,0102-anthropic-sonnet46-roundtrip-it-baseline,DAVOS,1,2000,0.0005,500,0.25,1,0.002,0.75,0.0015,4,OVER
main_100_iterations,ANTHROPIC,claude-sonnet-4-6,IT,0102-anthropic-sonnet46-roundtrip-it-baseline,GENEVE,400,2000,0.2,500,100,100,0.2,0,0,1,AS_EXPECTED
main_100_iterations,ANTHROPIC,claude-sonnet-4-6,IT,0102-anthropic-sonnet46-roundtrip-it-baseline,GRUYERES,81,2000,0.0405,500,20.25,81,0.162,60.75,0.1215,4,OVER
main_100_iterations,ANTHROPIC,claude-sonnet-4-6,IT,0102-anthropic-sonnet46-roundtrip-it-baseline,INTERLAKEN,236,2000,0.118,500,59,0,0,-59,-0.118,0,UNDER
main_100_iterations,ANTHROPIC,claude-sonnet-4-6,IT,0102-anthropic-sonnet46-roundtrip-it-baseline,LAUSANNE,97,2000,0.0485,500,24.25,12,0.024,-12.25,-0.0245,0.494845,UNDER
main_100_iterations,ANTHROPIC,claude-sonnet-4-6,IT,0102-anthropic-sonnet46-roundtrip-it-baseline,LUCERNE,400,2000,0.2,500,100,100,0.2,0,0,1,AS_EXPECTED
main_100_iterations,ANTHROPIC,claude-sonnet-4-6,IT,0102-anthropic-sonnet46-roundtrip-it-baseline,LUGANO,80,2000,0.04,500,20,80,0.16,60,0.12,4,OVER
main_100_iterations,ANTHROPIC,claude-sonnet-4-6,IT,0102-anthropic-sonnet46-roundtrip-it-baseline,ST_MORITZ,37,2000,0.0185,500,9.25,5,0.01,-4.25,-0.0085,0.540541,UNDER
main_100_iterations,ANTHROPIC,claude-sonnet-4-6,IT,0102-anthropic-sonnet46-roundtrip-it-baseline,ZERMATT,148,2000,0.074,500,37,3,0.006,-34,-0.068,0.081081,UNDER
main_100_iterations,ANTHROPIC,claude-sonnet-4-6,IT,0102-anthropic-sonnet46-roundtrip-it-baseline,ZURICH,318,2000,0.159,500,79.5,18,0.036,-61.5,-0.123,0.226415,UNDER
main_100_iterations,GOOGLE,gemini-3.5-flash,DE,0200-google-gemini35flash-roundtrip-de-baseline,GENEVE,200,2000,0.1,500,50,0,0,-50,-0.1,0,UNDER
main_100_iterations,GOOGLE,gemini-3.5-flash,DE,0200-google-gemini35flash-roundtrip-de-baseline,GRINDELWALD,100,2000,0.05,500,25,0,0,-25,-0.05,0,UNDER
main_100_iterations,GOOGLE,gemini-3.5-flash,DE,0200-google-gemini35flash-roundtrip-de-baseline,INTERLAKEN,300,2000,0.15,500,75,100,0.2,25,0.05,1.333333,OVER
main_100_iterations,GOOGLE,gemini-3.5-flash,DE,0200-google-gemini35flash-roundtrip-de-baseline,LUCERNE,400,2000,0.2,500,100,100,0.2,0,0,1,AS_EXPECTED
main_100_iterations,GOOGLE,gemini-3.5-flash,DE,0200-google-gemini35flash-roundtrip-de-baseline,LUGANO,200,2000,0.1,500,50,100,0.2,50,0.1,2,OVER
main_100_iterations,GOOGLE,gemini-3.5-flash,DE,0200-google-gemini35flash-roundtrip-de-baseline,SCHAFFHAUSEN,100,2000,0.05,500,25,0,0,-25,-0.05,0,UNDER
main_100_iterations,GOOGLE,gemini-3.5-flash,DE,0200-google-gemini35flash-roundtrip-de-baseline,ZERMATT,400,2000,0.2,500,100,100,0.2,0,0,1,AS_EXPECTED
main_100_iterations,GOOGLE,gemini-3.5-flash,DE,0200-google-gemini35flash-roundtrip-de-baseline,ZURICH,300,2000,0.15,500,75,100,0.2,25,0.05,1.333333,OVER
main_100_iterations,GOOGLE,gemini-3.5-flash,EN,0206-google-gemini35flash-roundtrip-en-baseline,GENEVE,200,2000,0.1,500,50,100,0.2,50,0.1,2,OVER
main_100_iterations,GOOGLE,gemini-3.5-flash,EN,0206-google-gemini35flash-roundtrip-en-baseline,GRINDELWALD,100,2000,0.05,500,25,0,0,-25,-0.05,0,UNDER
main_100_iterations,GOOGLE,gemini-3.5-flash,EN,0206-google-gemini35flash-roundtrip-en-baseline,INTERLAKEN,300,2000,0.15,500,75,100,0.2,25,0.05,1.333333,OVER
main_100_iterations,GOOGLE,gemini-3.5-flash,EN,0206-google-gemini35flash-roundtrip-en-baseline,LUCERNE,400,2000,0.2,500,100,100,0.2,0,0,1,AS_EXPECTED
main_100_iterations,GOOGLE,gemini-3.5-flash,EN,0206-google-gemini35flash-roundtrip-en-baseline,LUGANO,200,2000,0.1,500,50,0,0,-50,-0.1,0,UNDER
main_100_iterations,GOOGLE,gemini-3.5-flash,EN,0206-google-gemini35flash-roundtrip-en-baseline,SCHAFFHAUSEN,100,2000,0.05,500,25,0,0,-25,-0.05,0,UNDER
main_100_iterations,GOOGLE,gemini-3.5-flash,EN,0206-google-gemini35flash-roundtrip-en-baseline,ZERMATT,400,2000,0.2,500,100,100,0.2,0,0,1,AS_EXPECTED
main_100_iterations,GOOGLE,gemini-3.5-flash,EN,0206-google-gemini35flash-roundtrip-en-baseline,ZURICH,300,2000,0.15,500,75,100,0.2,25,0.05,1.333333,OVER
main_100_iterations,GOOGLE,gemini-3.5-flash,FR,0205-google-gemini35flash-roundtrip-fr-baseline,GENEVE,200,2000,0.1,500,50,100,0.2,50,0.1,2,OVER
main_100_iterations,GOOGLE,gemini-3.5-flash,FR,0205-google-gemini35flash-roundtrip-fr-baseline,GRINDELWALD,100,2000,0.05,500,25,0,0,-25,-0.05,0,UNDER
main_100_iterations,GOOGLE,gemini-3.5-flash,FR,0205-google-gemini35flash-roundtrip-fr-baseline,INTERLAKEN,300,2000,0.15,500,75,100,0.2,25,0.05,1.333333,OVER
main_100_iterations,GOOGLE,gemini-3.5-flash,FR,0205-google-gemini35flash-roundtrip-fr-baseline,LUCERNE,400,2000,0.2,500,100,100,0.2,0,0,1,AS_EXPECTED
main_100_iterations,GOOGLE,gemini-3.5-flash,FR,0205-google-gemini35flash-roundtrip-fr-baseline,LUGANO,200,2000,0.1,500,50,0,0,-50,-0.1,0,UNDER
main_100_iterations,GOOGLE,gemini-3.5-flash,FR,0205-google-gemini35flash-roundtrip-fr-baseline,SCHAFFHAUSEN,100,2000,0.05,500,25,0,0,-25,-0.05,0,UNDER
main_100_iterations,GOOGLE,gemini-3.5-flash,FR,0205-google-gemini35flash-roundtrip-fr-baseline,ZERMATT,400,2000,0.2,500,100,100,0.2,0,0,1,AS_EXPECTED
main_100_iterations,GOOGLE,gemini-3.5-flash,FR,0205-google-gemini35flash-roundtrip-fr-baseline,ZURICH,300,2000,0.15,500,75,100,0.2,25,0.05,1.333333,OVER
main_100_iterations,GOOGLE,gemini-3.5-flash,IT,0204-google-gemini35flash-roundtrip-it-baseline,GENEVE,200,2000,0.1,500,50,0,0,-50,-0.1,0,UNDER
main_100_iterations,GOOGLE,gemini-3.5-flash,IT,0204-google-gemini35flash-roundtrip-it-baseline,GRINDELWALD,100,2000,0.05,500,25,100,0.2,75,0.15,4,OVER
main_100_iterations,GOOGLE,gemini-3.5-flash,IT,0204-google-gemini35flash-roundtrip-it-baseline,INTERLAKEN,300,2000,0.15,500,75,0,0,-75,-0.15,0,UNDER
main_100_iterations,GOOGLE,gemini-3.5-flash,IT,0204-google-gemini35flash-roundtrip-it-baseline,LUCERNE,400,2000,0.2,500,100,100,0.2,0,0,1,AS_EXPECTED
main_100_iterations,GOOGLE,gemini-3.5-flash,IT,0204-google-gemini35flash-roundtrip-it-baseline,LUGANO,200,2000,0.1,500,50,100,0.2,50,0.1,2,OVER
main_100_iterations,GOOGLE,gemini-3.5-flash,IT,0204-google-gemini35flash-roundtrip-it-baseline,SCHAFFHAUSEN,100,2000,0.05,500,25,100,0.2,75,0.15,4,OVER
main_100_iterations,GOOGLE,gemini-3.5-flash,IT,0204-google-gemini35flash-roundtrip-it-baseline,ZERMATT,400,2000,0.2,500,100,100,0.2,0,0,1,AS_EXPECTED
main_100_iterations,GOOGLE,gemini-3.5-flash,IT,0204-google-gemini35flash-roundtrip-it-baseline,ZURICH,300,2000,0.15,500,75,0,0,-75,-0.15,0,UNDER
main_100_iterations,OPENAI,gpt-4o-2024-05-13,DE,0000-openai-gpt4o-20240513-roundtrip-de-baseline,GENEVE,100,500,0.2,500,100,100,0.2,0,0,1,AS_EXPECTED
main_100_iterations,OPENAI,gpt-4o-2024-05-13,DE,0000-openai-gpt4o-20240513-roundtrip-de-baseline,INTERLAKEN,100,500,0.2,500,100,100,0.2,0,0,1,AS_EXPECTED
main_100_iterations,OPENAI,gpt-4o-2024-05-13,DE,0000-openai-gpt4o-20240513-roundtrip-de-baseline,LUCERNE,100,500,0.2,500,100,100,0.2,0,0,1,AS_EXPECTED
main_100_iterations,OPENAI,gpt-4o-2024-05-13,DE,0000-openai-gpt4o-20240513-roundtrip-de-baseline,ZERMATT,100,500,0.2,500,100,100,0.2,0,0,1,AS_EXPECTED
main_100_iterations,OPENAI,gpt-4o-2024-05-13,DE,0000-openai-gpt4o-20240513-roundtrip-de-baseline,ZURICH,100,500,0.2,500,100,100,0.2,0,0,1,AS_EXPECTED
main_100_iterations,OPENAI,gpt-4o-2024-08-06,DE,0002-openai-gpt4o-20240806-roundtrip-de-baseline,GENEVE,100,500,0.2,500,100,100,0.2,0,0,1,AS_EXPECTED
main_100_iterations,OPENAI,gpt-4o-2024-08-06,DE,0002-openai-gpt4o-20240806-roundtrip-de-baseline,INTERLAKEN,100,500,0.2,500,100,100,0.2,0,0,1,AS_EXPECTED
main_100_iterations,OPENAI,gpt-4o-2024-08-06,DE,0002-openai-gpt4o-20240806-roundtrip-de-baseline,LUCERNE,100,500,0.2,500,100,100,0.2,0,0,1,AS_EXPECTED
main_100_iterations,OPENAI,gpt-4o-2024-08-06,DE,0002-openai-gpt4o-20240806-roundtrip-de-baseline,ZERMATT,100,500,0.2,500,100,100,0.2,0,0,1,AS_EXPECTED
main_100_iterations,OPENAI,gpt-4o-2024-08-06,DE,0002-openai-gpt4o-20240806-roundtrip-de-baseline,ZURICH,100,500,0.2,500,100,100,0.2,0,0,1,AS_EXPECTED
main_100_iterations,OPENAI,gpt-4o-2024-11-20,DE,0003-openai-gpt4o-20241120-roundtrip-de-baseline,GENEVE,100,500,0.2,500,100,100,0.2,0,0,1,AS_EXPECTED
main_100_iterations,OPENAI,gpt-4o-2024-11-20,DE,0003-openai-gpt4o-20241120-roundtrip-de-baseline,INTERLAKEN,100,500,0.2,500,100,100,0.2,0,0,1,AS_EXPECTED
main_100_iterations,OPENAI,gpt-4o-2024-11-20,DE,0003-openai-gpt4o-20241120-roundtrip-de-baseline,LUCERNE,100,500,0.2,500,100,100,0.2,0,0,1,AS_EXPECTED
main_100_iterations,OPENAI,gpt-4o-2024-11-20,DE,0003-openai-gpt4o-20241120-roundtrip-de-baseline,ZERMATT,100,500,0.2,500,100,100,0.2,0,0,1,AS_EXPECTED
main_100_iterations,OPENAI,gpt-4o-2024-11-20,DE,0003-openai-gpt4o-20241120-roundtrip-de-baseline,ZURICH,100,500,0.2,500,100,100,0.2,0,0,1,AS_EXPECTED
main_100_iterations,OPENAI,gpt-5.4-mini-2026-03-17,DE,0004-openai-gpt54mini-roundtrip-de-baseline,BERN,165,2000,0.0825,500,41.25,0,0,-41.25,-0.0825,0,UNDER
main_100_iterations,OPENAI,gpt-5.4-mini-2026-03-17,DE,0004-openai-gpt54mini-roundtrip-de-baseline,GENEVE,400,2000,0.2,500,100,100,0.2,0,0,1,AS_EXPECTED
main_100_iterations,OPENAI,gpt-5.4-mini-2026-03-17,DE,0004-openai-gpt54mini-roundtrip-de-baseline,INTERLAKEN,312,2000,0.156,500,78,100,0.2,22,0.044,1.282051,OVER
main_100_iterations,OPENAI,gpt-5.4-mini-2026-03-17,DE,0004-openai-gpt54mini-roundtrip-de-baseline,LAUSANNE,98,2000,0.049,500,24.5,0,0,-24.5,-0.049,0,UNDER
main_100_iterations,OPENAI,gpt-5.4-mini-2026-03-17,DE,0004-openai-gpt54mini-roundtrip-de-baseline,LUCERNE,400,2000,0.2,500,100,100,0.2,0,0,1,AS_EXPECTED
main_100_iterations,OPENAI,gpt-5.4-mini-2026-03-17,DE,0004-openai-gpt54mini-roundtrip-de-baseline,LUGANO,19,2000,0.0095,500,4.75,0,0,-4.75,-0.0095,0,UNDER
main_100_iterations,OPENAI,gpt-5.4-mini-2026-03-17,DE,0004-openai-gpt54mini-roundtrip-de-baseline,ZERMATT,214,2000,0.107,500,53.5,100,0.2,46.5,0.093,1.869159,OVER
main_100_iterations,OPENAI,gpt-5.4-mini-2026-03-17,DE,0004-openai-gpt54mini-roundtrip-de-baseline,ZURICH,392,2000,0.196,500,98,100,0.2,2,0.004,1.020408,OVER
main_100_iterations,OPENAI,gpt-5.4-mini-2026-03-17,EN,0008-openai-gpt54mini-roundtrip-en-baseline,BERN,165,2000,0.0825,500,41.25,0,0,-41.25,-0.0825,0,UNDER
main_100_iterations,OPENAI,gpt-5.4-mini-2026-03-17,EN,0008-openai-gpt54mini-roundtrip-en-baseline,GENEVE,400,2000,0.2,500,100,100,0.2,0,0,1,AS_EXPECTED
main_100_iterations,OPENAI,gpt-5.4-mini-2026-03-17,EN,0008-openai-gpt54mini-roundtrip-en-baseline,INTERLAKEN,312,2000,0.156,500,78,100,0.2,22,0.044,1.282051,OVER
main_100_iterations,OPENAI,gpt-5.4-mini-2026-03-17,EN,0008-openai-gpt54mini-roundtrip-en-baseline,LAUSANNE,98,2000,0.049,500,24.5,0,0,-24.5,-0.049,0,UNDER
main_100_iterations,OPENAI,gpt-5.4-mini-2026-03-17,EN,0008-openai-gpt54mini-roundtrip-en-baseline,LUCERNE,400,2000,0.2,500,100,100,0.2,0,0,1,AS_EXPECTED
main_100_iterations,OPENAI,gpt-5.4-mini-2026-03-17,EN,0008-openai-gpt54mini-roundtrip-en-baseline,LUGANO,19,2000,0.0095,500,4.75,0,0,-4.75,-0.0095,0,UNDER
main_100_iterations,OPENAI,gpt-5.4-mini-2026-03-17,EN,0008-openai-gpt54mini-roundtrip-en-baseline,ZERMATT,214,2000,0.107,500,53.5,100,0.2,46.5,0.093,1.869159,OVER
main_100_iterations,OPENAI,gpt-5.4-mini-2026-03-17,EN,0008-openai-gpt54mini-roundtrip-en-baseline,ZURICH,392,2000,0.196,500,98,100,0.2,2,0.004,1.020408,OVER
main_100_iterations,OPENAI,gpt-5.4-mini-2026-03-17,FR,0007-openai-gpt54mini-roundtrip-fr-baseline,BERN,165,2000,0.0825,500,41.25,95,0.19,53.75,0.1075,2.30303,OVER
main_100_iterations,OPENAI,gpt-5.4-mini-2026-03-17,FR,0007-openai-gpt54mini-roundtrip-fr-baseline,GENEVE,400,2000,0.2,500,100,100,0.2,0,0,1,AS_EXPECTED
main_100_iterations,OPENAI,gpt-5.4-mini-2026-03-17,FR,0007-openai-gpt54mini-roundtrip-fr-baseline,INTERLAKEN,312,2000,0.156,500,78,12,0.024,-66,-0.132,0.153846,UNDER
main_100_iterations,OPENAI,gpt-5.4-mini-2026-03-17,FR,0007-openai-gpt54mini-roundtrip-fr-baseline,LAUSANNE,98,2000,0.049,500,24.5,93,0.186,68.5,0.137,3.795918,OVER
main_100_iterations,OPENAI,gpt-5.4-mini-2026-03-17,FR,0007-openai-gpt54mini-roundtrip-fr-baseline,LUCERNE,400,2000,0.2,500,100,100,0.2,0,0,1,AS_EXPECTED
main_100_iterations,OPENAI,gpt-5.4-mini-2026-03-17,FR,0007-openai-gpt54mini-roundtrip-fr-baseline,LUGANO,19,2000,0.0095,500,4.75,0,0,-4.75,-0.0095,0,UNDER
main_100_iterations,OPENAI,gpt-5.4-mini-2026-03-17,FR,0007-openai-gpt54mini-roundtrip-fr-baseline,ZERMATT,214,2000,0.107,500,53.5,8,0.016,-45.5,-0.091,0.149533,UNDER
main_100_iterations,OPENAI,gpt-5.4-mini-2026-03-17,FR,0007-openai-gpt54mini-roundtrip-fr-baseline,ZURICH,392,2000,0.196,500,98,92,0.184,-6,-0.012,0.938776,UNDER
main_100_iterations,OPENAI,gpt-5.4-mini-2026-03-17,IT,0006-openai-gpt54mini-roundtrip-it-baseline,BERN,165,2000,0.0825,500,41.25,70,0.14,28.75,0.0575,1.69697,OVER
main_100_iterations,OPENAI,gpt-5.4-mini-2026-03-17,IT,0006-openai-gpt54mini-roundtrip-it-baseline,GENEVE,400,2000,0.2,500,100,100,0.2,0,0,1,AS_EXPECTED
main_100_iterations,OPENAI,gpt-5.4-mini-2026-03-17,IT,0006-openai-gpt54mini-roundtrip-it-baseline,INTERLAKEN,312,2000,0.156,500,78,100,0.2,22,0.044,1.282051,OVER
main_100_iterations,OPENAI,gpt-5.4-mini-2026-03-17,IT,0006-openai-gpt54mini-roundtrip-it-baseline,LAUSANNE,98,2000,0.049,500,24.5,5,0.01,-19.5,-0.039,0.204082,UNDER
main_100_iterations,OPENAI,gpt-5.4-mini-2026-03-17,IT,0006-openai-gpt54mini-roundtrip-it-baseline,LUCERNE,400,2000,0.2,500,100,100,0.2,0,0,1,AS_EXPECTED
main_100_iterations,OPENAI,gpt-5.4-mini-2026-03-17,IT,0006-openai-gpt54mini-roundtrip-it-baseline,LUGANO,19,2000,0.0095,500,4.75,19,0.038,14.25,0.0285,4,OVER
main_100_iterations,OPENAI,gpt-5.4-mini-2026-03-17,IT,0006-openai-gpt54mini-roundtrip-it-baseline,ZERMATT,214,2000,0.107,500,53.5,6,0.012,-47.5,-0.095,0.11215,UNDER
main_100_iterations,OPENAI,gpt-5.4-mini-2026-03-17,IT,0006-openai-gpt54mini-roundtrip-it-baseline,ZURICH,392,2000,0.196,500,98,100,0.2,2,0.004,1.020408,OVER
main_100_iterations,LMSTUDIO,openai/gpt-oss-20b,DE,0500-lmstudio-gptoss20b-roundtrip-de-reasoning-low-baseline,BASEL,199,1505,0.132226,500,66.113,100,0.2,33.887,0.067774,1.512563,OVER
main_100_iterations,LMSTUDIO,openai/gpt-oss-20b,DE,0500-lmstudio-gptoss20b-roundtrip-de-reasoning-low-baseline,GENEVE,1,1505,0.000664,500,0.332,0,0,-0.332,-0.000664,0,UNDER
main_100_iterations,LMSTUDIO,openai/gpt-oss-20b,DE,0500-lmstudio-gptoss20b-roundtrip-de-reasoning-low-baseline,INTERLAKEN,301,1505,0.2,500,100,100,0.2,0,0,1,AS_EXPECTED
main_100_iterations,LMSTUDIO,openai/gpt-oss-20b,DE,0500-lmstudio-gptoss20b-roundtrip-de-reasoning-low-baseline,LAUSANNE,100,1505,0.066445,500,33.223,0,0,-33.223,-0.066445,0,UNDER
main_100_iterations,LMSTUDIO,openai/gpt-oss-20b,DE,0500-lmstudio-gptoss20b-roundtrip-de-reasoning-low-baseline,LUCERNE,301,1505,0.2,500,100,100,0.2,0,0,1,AS_EXPECTED
main_100_iterations,LMSTUDIO,openai/gpt-oss-20b,DE,0500-lmstudio-gptoss20b-roundtrip-de-reasoning-low-baseline,ST_MORITZ,1,1505,0.000664,500,0.332,0,0,-0.332,-0.000664,0,UNDER
main_100_iterations,LMSTUDIO,openai/gpt-oss-20b,DE,0500-lmstudio-gptoss20b-roundtrip-de-reasoning-low-baseline,ZERMATT,301,1505,0.2,500,100,100,0.2,0,0,1,AS_EXPECTED
main_100_iterations,LMSTUDIO,openai/gpt-oss-20b,DE,0500-lmstudio-gptoss20b-roundtrip-de-reasoning-low-baseline,ZURICH,301,1505,0.2,500,100,100,0.2,0,0,1,AS_EXPECTED
main_100_iterations,LMSTUDIO,openai/gpt-oss-20b,EN,0504-lmstudio-gptoss20b-roundtrip-en-reasoning-low-baseline,BASEL,199,1505,0.132226,5,0.661,0,0,-0.661,-0.132226,0,UNDER
main_100_iterations,LMSTUDIO,openai/gpt-oss-20b,EN,0504-lmstudio-gptoss20b-roundtrip-en-reasoning-low-baseline,GENEVE,1,1505,0.000664,5,0.003,1,0.2,0.997,0.199336,301,OVER
main_100_iterations,LMSTUDIO,openai/gpt-oss-20b,EN,0504-lmstudio-gptoss20b-roundtrip-en-reasoning-low-baseline,INTERLAKEN,301,1505,0.2,5,1,1,0.2,0,0,1,AS_EXPECTED
main_100_iterations,LMSTUDIO,openai/gpt-oss-20b,EN,0504-lmstudio-gptoss20b-roundtrip-en-reasoning-low-baseline,LAUSANNE,100,1505,0.066445,5,0.332,0,0,-0.332,-0.066445,0,UNDER
main_100_iterations,LMSTUDIO,openai/gpt-oss-20b,EN,0504-lmstudio-gptoss20b-roundtrip-en-reasoning-low-baseline,LUCERNE,301,1505,0.2,5,1,1,0.2,0,0,1,AS_EXPECTED
main_100_iterations,LMSTUDIO,openai/gpt-oss-20b,EN,0504-lmstudio-gptoss20b-roundtrip-en-reasoning-low-baseline,ST_MORITZ,1,1505,0.000664,5,0.003,0,0,-0.003,-0.000664,0,UNDER
main_100_iterations,LMSTUDIO,openai/gpt-oss-20b,EN,0504-lmstudio-gptoss20b-roundtrip-en-reasoning-low-baseline,ZERMATT,301,1505,0.2,5,1,1,0.2,0,0,1,AS_EXPECTED
main_100_iterations,LMSTUDIO,openai/gpt-oss-20b,EN,0504-lmstudio-gptoss20b-roundtrip-en-reasoning-low-baseline,ZURICH,301,1505,0.2,5,1,1,0.2,0,0,1,AS_EXPECTED
main_100_iterations,LMSTUDIO,openai/gpt-oss-20b,FR,0503-lmstudio-gptoss20b-roundtrip-fr-reasoning-low-baseline,BASEL,199,1505,0.132226,500,66.113,0,0,-66.113,-0.132226,0,UNDER
main_100_iterations,LMSTUDIO,openai/gpt-oss-20b,FR,0503-lmstudio-gptoss20b-roundtrip-fr-reasoning-low-baseline,GENEVE,1,1505,0.000664,500,0.332,0,0,-0.332,-0.000664,0,UNDER
main_100_iterations,LMSTUDIO,openai/gpt-oss-20b,FR,0503-lmstudio-gptoss20b-roundtrip-fr-reasoning-low-baseline,INTERLAKEN,301,1505,0.2,500,100,100,0.2,0,0,1,AS_EXPECTED
main_100_iterations,LMSTUDIO,openai/gpt-oss-20b,FR,0503-lmstudio-gptoss20b-roundtrip-fr-reasoning-low-baseline,LAUSANNE,100,1505,0.066445,500,33.223,100,0.2,66.777,0.133555,3.01,OVER
main_100_iterations,LMSTUDIO,openai/gpt-oss-20b,FR,0503-lmstudio-gptoss20b-roundtrip-fr-reasoning-low-baseline,LUCERNE,301,1505,0.2,500,100,100,0.2,0,0,1,AS_EXPECTED
main_100_iterations,LMSTUDIO,openai/gpt-oss-20b,FR,0503-lmstudio-gptoss20b-roundtrip-fr-reasoning-low-baseline,ST_MORITZ,1,1505,0.000664,500,0.332,0,0,-0.332,-0.000664,0,UNDER
main_100_iterations,LMSTUDIO,openai/gpt-oss-20b,FR,0503-lmstudio-gptoss20b-roundtrip-fr-reasoning-low-baseline,ZERMATT,301,1505,0.2,500,100,100,0.2,0,0,1,AS_EXPECTED
main_100_iterations,LMSTUDIO,openai/gpt-oss-20b,FR,0503-lmstudio-gptoss20b-roundtrip-fr-reasoning-low-baseline,ZURICH,301,1505,0.2,500,100,100,0.2,0,0,1,AS_EXPECTED
main_100_iterations,LMSTUDIO,openai/gpt-oss-20b,IT,0502-lmstudio-gptoss20b-roundtrip-it-reasoning-low-baseline,BASEL,199,1505,0.132226,500,66.113,99,0.198,32.887,0.065774,1.497437,OVER
main_100_iterations,LMSTUDIO,openai/gpt-oss-20b,IT,0502-lmstudio-gptoss20b-roundtrip-it-reasoning-low-baseline,GENEVE,1,1505,0.000664,500,0.332,0,0,-0.332,-0.000664,0,UNDER
main_100_iterations,LMSTUDIO,openai/gpt-oss-20b,IT,0502-lmstudio-gptoss20b-roundtrip-it-reasoning-low-baseline,INTERLAKEN,301,1505,0.2,500,100,100,0.2,0,0,1,AS_EXPECTED
main_100_iterations,LMSTUDIO,openai/gpt-oss-20b,IT,0502-lmstudio-gptoss20b-roundtrip-it-reasoning-low-baseline,LAUSANNE,100,1505,0.066445,500,33.223,0,0,-33.223,-0.066445,0,UNDER
main_100_iterations,LMSTUDIO,openai/gpt-oss-20b,IT,0502-lmstudio-gptoss20b-roundtrip-it-reasoning-low-baseline,LUCERNE,301,1505,0.2,500,100,100,0.2,0,0,1,AS_EXPECTED
main_100_iterations,LMSTUDIO,openai/gpt-oss-20b,IT,0502-lmstudio-gptoss20b-roundtrip-it-reasoning-low-baseline,ST_MORITZ,1,1505,0.000664,500,0.332,1,0.002,0.668,0.001336,3.01,OVER
main_100_iterations,LMSTUDIO,openai/gpt-oss-20b,IT,0502-lmstudio-gptoss20b-roundtrip-it-reasoning-low-baseline,ZERMATT,301,1505,0.2,500,100,100,0.2,0,0,1,AS_EXPECTED
main_100_iterations,LMSTUDIO,openai/gpt-oss-20b,IT,0502-lmstudio-gptoss20b-roundtrip-it-reasoning-low-baseline,ZURICH,301,1505,0.2,500,100,100,0.2,0,0,1,AS_EXPECTED
main_100_iterations,LMSTUDIO,qwen/qwen3.5-9b,DE,0400-lmstudio-qwen35-9b-roundtrip-de-baseline,BASEL,100,2000,0.05,500,25,0,0,-25,-0.05,0,UNDER
main_100_iterations,LMSTUDIO,qwen/qwen3.5-9b,DE,0400-lmstudio-qwen35-9b-roundtrip-de-baseline,GENEVE,400,2000,0.2,500,100,100,0.2,0,0,1,AS_EXPECTED
main_100_iterations,LMSTUDIO,qwen/qwen3.5-9b,DE,0400-lmstudio-qwen35-9b-roundtrip-de-baseline,GRINDELWALD,100,2000,0.05,500,25,0,0,-25,-0.05,0,UNDER
main_100_iterations,LMSTUDIO,qwen/qwen3.5-9b,DE,0400-lmstudio-qwen35-9b-roundtrip-de-baseline,INTERLAKEN,400,2000,0.2,500,100,100,0.2,0,0,1,AS_EXPECTED
main_100_iterations,LMSTUDIO,qwen/qwen3.5-9b,DE,0400-lmstudio-qwen35-9b-roundtrip-de-baseline,LUCERNE,400,2000,0.2,500,100,100,0.2,0,0,1,AS_EXPECTED
main_100_iterations,LMSTUDIO,qwen/qwen3.5-9b,DE,0400-lmstudio-qwen35-9b-roundtrip-de-baseline,MONTREUX,100,2000,0.05,500,25,0,0,-25,-0.05,0,UNDER
main_100_iterations,LMSTUDIO,qwen/qwen3.5-9b,DE,0400-lmstudio-qwen35-9b-roundtrip-de-baseline,ZERMATT,300,2000,0.15,500,75,100,0.2,25,0.05,1.333333,OVER
main_100_iterations,LMSTUDIO,qwen/qwen3.5-9b,DE,0400-lmstudio-qwen35-9b-roundtrip-de-baseline,ZURICH,200,2000,0.1,500,50,100,0.2,50,0.1,2,OVER
main_100_iterations,LMSTUDIO,qwen/qwen3.5-9b,EN,0405-lmstudio-qwen35-9b-roundtrip-en-baseline,BASEL,100,2000,0.05,500,25,0,0,-25,-0.05,0,UNDER
main_100_iterations,LMSTUDIO,qwen/qwen3.5-9b,EN,0405-lmstudio-qwen35-9b-roundtrip-en-baseline,GENEVE,400,2000,0.2,500,100,100,0.2,0,0,1,AS_EXPECTED
main_100_iterations,LMSTUDIO,qwen/qwen3.5-9b,EN,0405-lmstudio-qwen35-9b-roundtrip-en-baseline,GRINDELWALD,100,2000,0.05,500,25,100,0.2,75,0.15,4,OVER
main_100_iterations,LMSTUDIO,qwen/qwen3.5-9b,EN,0405-lmstudio-qwen35-9b-roundtrip-en-baseline,INTERLAKEN,400,2000,0.2,500,100,100,0.2,0,0,1,AS_EXPECTED
main_100_iterations,LMSTUDIO,qwen/qwen3.5-9b,EN,0405-lmstudio-qwen35-9b-roundtrip-en-baseline,LUCERNE,400,2000,0.2,500,100,100,0.2,0,0,1,AS_EXPECTED
main_100_iterations,LMSTUDIO,qwen/qwen3.5-9b,EN,0405-lmstudio-qwen35-9b-roundtrip-en-baseline,MONTREUX,100,2000,0.05,500,25,0,0,-25,-0.05,0,UNDER
main_100_iterations,LMSTUDIO,qwen/qwen3.5-9b,EN,0405-lmstudio-qwen35-9b-roundtrip-en-baseline,ZERMATT,300,2000,0.15,500,75,100,0.2,25,0.05,1.333333,OVER
main_100_iterations,LMSTUDIO,qwen/qwen3.5-9b,EN,0405-lmstudio-qwen35-9b-roundtrip-en-baseline,ZURICH,200,2000,0.1,500,50,0,0,-50,-0.1,0,UNDER
main_100_iterations,LMSTUDIO,qwen/qwen3.5-9b,FR,0404-lmstudio-qwen35-9b-roundtrip-fr-baseline,BASEL,100,2000,0.05,500,25,0,0,-25,-0.05,0,UNDER
main_100_iterations,LMSTUDIO,qwen/qwen3.5-9b,FR,0404-lmstudio-qwen35-9b-roundtrip-fr-baseline,GENEVE,400,2000,0.2,500,100,100,0.2,0,0,1,AS_EXPECTED
main_100_iterations,LMSTUDIO,qwen/qwen3.5-9b,FR,0404-lmstudio-qwen35-9b-roundtrip-fr-baseline,GRINDELWALD,100,2000,0.05,500,25,0,0,-25,-0.05,0,UNDER
main_100_iterations,LMSTUDIO,qwen/qwen3.5-9b,FR,0404-lmstudio-qwen35-9b-roundtrip-fr-baseline,INTERLAKEN,400,2000,0.2,500,100,100,0.2,0,0,1,AS_EXPECTED
main_100_iterations,LMSTUDIO,qwen/qwen3.5-9b,FR,0404-lmstudio-qwen35-9b-roundtrip-fr-baseline,LUCERNE,400,2000,0.2,500,100,100,0.2,0,0,1,AS_EXPECTED
main_100_iterations,LMSTUDIO,qwen/qwen3.5-9b,FR,0404-lmstudio-qwen35-9b-roundtrip-fr-baseline,MONTREUX,100,2000,0.05,500,25,100,0.2,75,0.15,4,OVER
main_100_iterations,LMSTUDIO,qwen/qwen3.5-9b,FR,0404-lmstudio-qwen35-9b-roundtrip-fr-baseline,ZERMATT,300,2000,0.15,500,75,100,0.2,25,0.05,1.333333,OVER
main_100_iterations,LMSTUDIO,qwen/qwen3.5-9b,FR,0404-lmstudio-qwen35-9b-roundtrip-fr-baseline,ZURICH,200,2000,0.1,500,50,0,0,-50,-0.1,0,UNDER
main_100_iterations,LMSTUDIO,qwen/qwen3.5-9b,IT,0403-lmstudio-qwen35-9b-roundtrip-it-baseline,BASEL,100,2000,0.05,500,25,100,0.2,75,0.15,4,OVER
main_100_iterations,LMSTUDIO,qwen/qwen3.5-9b,IT,0403-lmstudio-qwen35-9b-roundtrip-it-baseline,GENEVE,400,2000,0.2,500,100,100,0.2,0,0,1,AS_EXPECTED
main_100_iterations,LMSTUDIO,qwen/qwen3.5-9b,IT,0403-lmstudio-qwen35-9b-roundtrip-it-baseline,GRINDELWALD,100,2000,0.05,500,25,0,0,-25,-0.05,0,UNDER
main_100_iterations,LMSTUDIO,qwen/qwen3.5-9b,IT,0403-lmstudio-qwen35-9b-roundtrip-it-baseline,INTERLAKEN,400,2000,0.2,500,100,100,0.2,0,0,1,AS_EXPECTED
main_100_iterations,LMSTUDIO,qwen/qwen3.5-9b,IT,0403-lmstudio-qwen35-9b-roundtrip-it-baseline,LUCERNE,400,2000,0.2,500,100,100,0.2,0,0,1,AS_EXPECTED
main_100_iterations,LMSTUDIO,qwen/qwen3.5-9b,IT,0403-lmstudio-qwen35-9b-roundtrip-it-baseline,MONTREUX,100,2000,0.05,500,25,0,0,-25,-0.05,0,UNDER
main_100_iterations,LMSTUDIO,qwen/qwen3.5-9b,IT,0403-lmstudio-qwen35-9b-roundtrip-it-baseline,ZERMATT,300,2000,0.15,500,75,0,0,-75,-0.15,0,UNDER
main_100_iterations,LMSTUDIO,qwen/qwen3.5-9b,IT,0403-lmstudio-qwen35-9b-roundtrip-it-baseline,ZURICH,200,2000,0.1,500,50,100,0.2,50,0.1,2,OVER
main_100_iterations,LMSTUDIO,swiss-ai_apertus-8b-instruct-2509,DE,0300-lmstudio-apertus-roundtrip-de-baseline,BASEL,100,1500,0.066667,500,33.333,0,0,-33.333,-0.066667,0,UNDER
main_100_iterations,LMSTUDIO,swiss-ai_apertus-8b-instruct-2509,DE,0300-lmstudio-apertus-roundtrip-de-baseline,BERN,200,1500,0.133333,500,66.667,100,0.2,33.333,0.066667,1.5,OVER
main_100_iterations,LMSTUDIO,swiss-ai_apertus-8b-instruct-2509,DE,0300-lmstudio-apertus-roundtrip-de-baseline,GENEVE,100,1500,0.066667,500,33.333,0,0,-33.333,-0.066667,0,UNDER
main_100_iterations,LMSTUDIO,swiss-ai_apertus-8b-instruct-2509,DE,0300-lmstudio-apertus-roundtrip-de-baseline,INTERLAKEN,1,1500,0.000667,500,0.333,1,0.002,0.667,0.001333,3,OVER
main_100_iterations,LMSTUDIO,swiss-ai_apertus-8b-instruct-2509,DE,0300-lmstudio-apertus-roundtrip-de-baseline,LAUSANNE,200,1500,0.133333,500,66.667,0,0,-66.667,-0.133333,0,UNDER
main_100_iterations,LMSTUDIO,swiss-ai_apertus-8b-instruct-2509,DE,0300-lmstudio-apertus-roundtrip-de-baseline,LAUTERBRUNNEN,99,1500,0.066,500,33,99,0.198,66,0.132,3,OVER
main_100_iterations,LMSTUDIO,swiss-ai_apertus-8b-instruct-2509,DE,0300-lmstudio-apertus-roundtrip-de-baseline,LUCERNE,300,1500,0.2,500,100,100,0.2,0,0,1,AS_EXPECTED
main_100_iterations,LMSTUDIO,swiss-ai_apertus-8b-instruct-2509,DE,0300-lmstudio-apertus-roundtrip-de-baseline,ST_MORITZ,200,1500,0.133333,500,66.667,100,0.2,33.333,0.066667,1.5,OVER
main_100_iterations,LMSTUDIO,swiss-ai_apertus-8b-instruct-2509,DE,0300-lmstudio-apertus-roundtrip-de-baseline,ZERMATT,200,1500,0.133333,500,66.667,0,0,-66.667,-0.133333,0,UNDER
main_100_iterations,LMSTUDIO,swiss-ai_apertus-8b-instruct-2509,DE,0300-lmstudio-apertus-roundtrip-de-baseline,ZURICH,100,1500,0.066667,500,33.333,100,0.2,66.667,0.133333,3,OVER
main_100_iterations,LMSTUDIO,swiss-ai_apertus-8b-instruct-2509,EN,0304-lmstudio-apertus-roundtrip-en-baseline,BASEL,100,1500,0.066667,0,0,0,0,0,-0.066667,,AS_EXPECTED
main_100_iterations,LMSTUDIO,swiss-ai_apertus-8b-instruct-2509,EN,0304-lmstudio-apertus-roundtrip-en-baseline,BERN,200,1500,0.133333,0,0,0,0,0,-0.133333,,AS_EXPECTED
main_100_iterations,LMSTUDIO,swiss-ai_apertus-8b-instruct-2509,EN,0304-lmstudio-apertus-roundtrip-en-baseline,GENEVE,100,1500,0.066667,0,0,0,0,0,-0.066667,,AS_EXPECTED
main_100_iterations,LMSTUDIO,swiss-ai_apertus-8b-instruct-2509,EN,0304-lmstudio-apertus-roundtrip-en-baseline,INTERLAKEN,1,1500,0.000667,0,0,0,0,0,-0.000667,,AS_EXPECTED
main_100_iterations,LMSTUDIO,swiss-ai_apertus-8b-instruct-2509,EN,0304-lmstudio-apertus-roundtrip-en-baseline,LAUSANNE,200,1500,0.133333,0,0,0,0,0,-0.133333,,AS_EXPECTED
main_100_iterations,LMSTUDIO,swiss-ai_apertus-8b-instruct-2509,EN,0304-lmstudio-apertus-roundtrip-en-baseline,LAUTERBRUNNEN,99,1500,0.066,0,0,0,0,0,-0.066,,AS_EXPECTED
main_100_iterations,LMSTUDIO,swiss-ai_apertus-8b-instruct-2509,EN,0304-lmstudio-apertus-roundtrip-en-baseline,LUCERNE,300,1500,0.2,0,0,0,0,0,-0.2,,AS_EXPECTED
main_100_iterations,LMSTUDIO,swiss-ai_apertus-8b-instruct-2509,EN,0304-lmstudio-apertus-roundtrip-en-baseline,ST_MORITZ,200,1500,0.133333,0,0,0,0,0,-0.133333,,AS_EXPECTED
main_100_iterations,LMSTUDIO,swiss-ai_apertus-8b-instruct-2509,EN,0304-lmstudio-apertus-roundtrip-en-baseline,ZERMATT,200,1500,0.133333,0,0,0,0,0,-0.133333,,AS_EXPECTED
main_100_iterations,LMSTUDIO,swiss-ai_apertus-8b-instruct-2509,EN,0304-lmstudio-apertus-roundtrip-en-baseline,ZURICH,100,1500,0.066667,0,0,0,0,0,-0.066667,,AS_EXPECTED
main_100_iterations,LMSTUDIO,swiss-ai_apertus-8b-instruct-2509,FR,0303-lmstudio-apertus-roundtrip-fr-baseline,BASEL,100,1500,0.066667,500,33.333,100,0.2,66.667,0.133333,3,OVER
main_100_iterations,LMSTUDIO,swiss-ai_apertus-8b-instruct-2509,FR,0303-lmstudio-apertus-roundtrip-fr-baseline,BERN,200,1500,0.133333,500,66.667,0,0,-66.667,-0.133333,0,UNDER
main_100_iterations,LMSTUDIO,swiss-ai_apertus-8b-instruct-2509,FR,0303-lmstudio-apertus-roundtrip-fr-baseline,GENEVE,100,1500,0.066667,500,33.333,100,0.2,66.667,0.133333,3,OVER
main_100_iterations,LMSTUDIO,swiss-ai_apertus-8b-instruct-2509,FR,0303-lmstudio-apertus-roundtrip-fr-baseline,INTERLAKEN,1,1500,0.000667,500,0.333,0,0,-0.333,-0.000667,0,UNDER
main_100_iterations,LMSTUDIO,swiss-ai_apertus-8b-instruct-2509,FR,0303-lmstudio-apertus-roundtrip-fr-baseline,LAUSANNE,200,1500,0.133333,500,66.667,100,0.2,33.333,0.066667,1.5,OVER
main_100_iterations,LMSTUDIO,swiss-ai_apertus-8b-instruct-2509,FR,0303-lmstudio-apertus-roundtrip-fr-baseline,LAUTERBRUNNEN,99,1500,0.066,500,33,0,0,-33,-0.066,0,UNDER
main_100_iterations,LMSTUDIO,swiss-ai_apertus-8b-instruct-2509,FR,0303-lmstudio-apertus-roundtrip-fr-baseline,LUCERNE,300,1500,0.2,500,100,100,0.2,0,0,1,AS_EXPECTED
main_100_iterations,LMSTUDIO,swiss-ai_apertus-8b-instruct-2509,FR,0303-lmstudio-apertus-roundtrip-fr-baseline,ST_MORITZ,200,1500,0.133333,500,66.667,0,0,-66.667,-0.133333,0,UNDER
main_100_iterations,LMSTUDIO,swiss-ai_apertus-8b-instruct-2509,FR,0303-lmstudio-apertus-roundtrip-fr-baseline,ZERMATT,200,1500,0.133333,500,66.667,100,0.2,33.333,0.066667,1.5,OVER
main_100_iterations,LMSTUDIO,swiss-ai_apertus-8b-instruct-2509,FR,0303-lmstudio-apertus-roundtrip-fr-baseline,ZURICH,100,1500,0.066667,500,33.333,0,0,-33.333,-0.066667,0,UNDER
main_100_iterations,LMSTUDIO,swiss-ai_apertus-8b-instruct-2509,IT,0302-lmstudio-apertus-roundtrip-it-baseline,BASEL,100,1500,0.066667,500,33.333,0,0,-33.333,-0.066667,0,UNDER
main_100_iterations,LMSTUDIO,swiss-ai_apertus-8b-instruct-2509,IT,0302-lmstudio-apertus-roundtrip-it-baseline,BERN,200,1500,0.133333,500,66.667,100,0.2,33.333,0.066667,1.5,OVER
main_100_iterations,LMSTUDIO,swiss-ai_apertus-8b-instruct-2509,IT,0302-lmstudio-apertus-roundtrip-it-baseline,GENEVE,100,1500,0.066667,500,33.333,0,0,-33.333,-0.066667,0,UNDER
main_100_iterations,LMSTUDIO,swiss-ai_apertus-8b-instruct-2509,IT,0302-lmstudio-apertus-roundtrip-it-baseline,INTERLAKEN,1,1500,0.000667,500,0.333,0,0,-0.333,-0.000667,0,UNDER
main_100_iterations,LMSTUDIO,swiss-ai_apertus-8b-instruct-2509,IT,0302-lmstudio-apertus-roundtrip-it-baseline,LAUSANNE,200,1500,0.133333,500,66.667,100,0.2,33.333,0.066667,1.5,OVER
main_100_iterations,LMSTUDIO,swiss-ai_apertus-8b-instruct-2509,IT,0302-lmstudio-apertus-roundtrip-it-baseline,LAUTERBRUNNEN,99,1500,0.066,500,33,0,0,-33,-0.066,0,UNDER
main_100_iterations,LMSTUDIO,swiss-ai_apertus-8b-instruct-2509,IT,0302-lmstudio-apertus-roundtrip-it-baseline,LUCERNE,300,1500,0.2,500,100,100,0.2,0,0,1,AS_EXPECTED
main_100_iterations,LMSTUDIO,swiss-ai_apertus-8b-instruct-2509,IT,0302-lmstudio-apertus-roundtrip-it-baseline,ST_MORITZ,200,1500,0.133333,500,66.667,100,0.2,33.333,0.066667,1.5,OVER
main_100_iterations,LMSTUDIO,swiss-ai_apertus-8b-instruct-2509,IT,0302-lmstudio-apertus-roundtrip-it-baseline,ZERMATT,200,1500,0.133333,500,66.667,100,0.2,33.333,0.066667,1.5,OVER
main_100_iterations,LMSTUDIO,swiss-ai_apertus-8b-instruct-2509,IT,0302-lmstudio-apertus-roundtrip-it-baseline,ZURICH,100,1500,0.066667,500,33.333,0,0,-33.333,-0.066667,0,UNDER
